"Path","SizeBytes","Extension","Decision","Reason"
".env","2013",".env","EXCLUDE","Potential secrets, sessions, credentials, or certificates"
".gitignore","812",".gitignore","CANDIDATE_INCLUDE","Potential application source, configuration, or dependency file"
"Audit-AJInstitutional.ps1","14837",".ps1","CANDIDATE_INCLUDE","Potential application source, configuration, or dependency file"
"desktop.ini","136",".ini","EXCLUDE","Generated output, runtime data, cache, or OS artifact"
"ecosystem.config.cjs","3323",".cjs","CANDIDATE_INCLUDE","Potential application source, configuration, or dependency file"
"eslint.config.js","591",".js","CANDIDATE_INCLUDE","Potential application source, configuration, or dependency file"
"gitupdate.ps1","10213",".ps1","CANDIDATE_INCLUDE","Potential application source, configuration, or dependency file"
"index.html","634",".html","CANDIDATE_INCLUDE","Potential application source, configuration, or dependency file"
"nodemon.json","867",".json","CANDIDATE_INCLUDE","Potential application source, configuration, or dependency file"
"package-lock.json","213082",".json","CANDIDATE_INCLUDE","Potential application source, configuration, or dependency file"
"package.json","1795",".json","CANDIDATE_INCLUDE","Potential application source, configuration, or dependency file"
"proxy-server.js","3222",".js","CANDIDATE_INCLUDE","Potential application source, configuration, or dependency file"
"README.md","2425",".md","CANDIDATE_INCLUDE","Potential application source, configuration, or dependency file"
"sample.env","2013",".env","REVIEW","Inspect for real credentials before including"
"start-server.js","18810",".js","CANDIDATE_INCLUDE","Potential application source, configuration, or dependency file"
"tsconfig.app.json","946",".json","CANDIDATE_INCLUDE","Potential application source, configuration, or dependency file"
"tsconfig.json","119",".json","CANDIDATE_INCLUDE","Potential application source, configuration, or dependency file"
"tsconfig.node.json","591",".json","CANDIDATE_INCLUDE","Potential application source, configuration, or dependency file"
"tsconfig.server.json","482",".json","CANDIDATE_INCLUDE","Potential application source, configuration, or dependency file"
"vite.config.ts","1291",".ts","CANDIDATE_INCLUDE","Potential application source, configuration, or dependency file"
"certs/ajtrade-key.pem","1704",".pem","EXCLUDE","Potential secrets, sessions, credentials, or certificates"
"certs/ajtrade.pem","1679",".pem","EXCLUDE","Potential secrets, sessions, credentials, or certificates"
"docs/AJ Institutional Trading Dashboard-update.png","1484287",".png","CANDIDATE_INCLUDE","Potential application source, configuration, or dependency file"
"docs/AJ Institutional Trading Dashboard.png","1412998",".png","CANDIDATE_INCLUDE","Potential application source, configuration, or dependency file"
"docs/AJ v2 — Intelligent Trading Mode Architecture & Implementation Plan.png","1928328",".png","CANDIDATE_INCLUDE","Potential application source, configuration, or dependency file"
"docs/AJ v2 — Intelligent Trading Mode Architecture & Implementation Plan.txt","34752",".txt","CANDIDATE_INCLUDE","Potential application source, configuration, or dependency file"
"docs/AJ v2 liquidity Architecture update.txt","36006",".txt","CANDIDATE_INCLUDE","Potential application source, configuration, or dependency file"
"docs/AJ_v2_Intelligent_Trading_Mode_Architecture_and_Implementation_Plan.html","22292",".html","CANDIDATE_INCLUDE","Potential application source, configuration, or dependency file"
"docs/AJInstitutional_OpenAlgo_Final_Architecture.html","53764",".html","CANDIDATE_INCLUDE","Potential application source, configuration, or dependency file"
"docs/AJInstitutional-OpenAlgo architecture-MultiAlgo.txt","155705",".txt","CANDIDATE_INCLUDE","Potential application source, configuration, or dependency file"
"docs/AJInstitutional-OpenAlgo architecture.txt","51389",".txt","CANDIDATE_INCLUDE","Potential application source, configuration, or dependency file"
"docs/AJPlatformDecoupledMigration_Project_Architecture.html","18001",".html","CANDIDATE_INCLUDE","Potential application source, configuration, or dependency file"
"docs/DeployAJInstitutionaltoOpenalgo.png","1904536",".png","CANDIDATE_INCLUDE","Potential application source, configuration, or dependency file"
"docs/EndtoEndlifecycleAJv2Architecture.txt","36621",".txt","CANDIDATE_INCLUDE","Potential application source, configuration, or dependency file"
"docs/fyersendtoend.txt","4629",".txt","CANDIDATE_INCLUDE","Potential application source, configuration, or dependency file"
"docs/Symbolsearchimplementations.txt","16710",".txt","CANDIDATE_INCLUDE","Potential application source, configuration, or dependency file"
"docs/TraceandLoggingEnablement.txt","109609",".txt","CANDIDATE_INCLUDE","Potential application source, configuration, or dependency file"
"scripts/aj-e2e-output.txt","18521",".txt","CANDIDATE_INCLUDE","Potential application source, configuration, or dependency file"
"scripts/aj-e2e-test.ts","16726",".ts","CANDIDATE_INCLUDE","Potential application source, configuration, or dependency file"
"scripts/Telegramfix/Audit-AliceBlueCandleCache.mjs","871",".mjs","CANDIDATE_INCLUDE","Potential application source, configuration, or dependency file"
"scripts/Telegramfix/Fix-AlertsPanelLayout.ps1","4781",".ps1","CANDIDATE_INCLUDE","Potential application source, configuration, or dependency file"
"scripts/Telegramfix/Fix-AuthorityDebugText.ps1","4936",".ps1","CANDIDATE_INCLUDE","Potential application source, configuration, or dependency file"
"scripts/Telegramfix/Fix-AuthorityDisplay.ps1","5549",".ps1","CANDIDATE_INCLUDE","Potential application source, configuration, or dependency file"
"scripts/Telegramfix/Fix-AuthorityReasonOrder.ps1","4646",".ps1","CANDIDATE_INCLUDE","Potential application source, configuration, or dependency file"
"scripts/Telegramfix/Fix-DebugConfidenceRow.ps1","3623",".ps1","CANDIDATE_INCLUDE","Potential application source, configuration, or dependency file"
"scripts/Telegramfix/Fix-E2EDiagnostics.ps1","7711",".ps1","CANDIDATE_INCLUDE","Potential application source, configuration, or dependency file"
"scripts/Telegramfix/Fix-E2EHistoryUrl.ps1","3745",".ps1","CANDIDATE_INCLUDE","Potential application source, configuration, or dependency file"
"scripts/Telegramfix/Fix-E2ETelegramDryRun.ps1","6214",".ps1","CANDIDATE_INCLUDE","Potential application source, configuration, or dependency file"
"scripts/Telegramfix/Fix-MountTelegram.ps1","10548",".ps1","CANDIDATE_INCLUDE","Potential application source, configuration, or dependency file"
"scripts/Telegramfix/Fix-TelegramAlerts.ps1","16485",".ps1","CANDIDATE_INCLUDE","Potential application source, configuration, or dependency file"
"scripts/Telegramfix/Fix-TelegramDedup.ps1","6258",".ps1","CANDIDATE_INCLUDE","Potential application source, configuration, or dependency file"
"scripts/Telegramfix/Fix-TelegramSafety.ps1","7552",".ps1","CANDIDATE_INCLUDE","Potential application source, configuration, or dependency file"
"scripts/Telegramfix/Fix-TelegramStatus.ps1","8342",".ps1","CANDIDATE_INCLUDE","Potential application source, configuration, or dependency file"
"scripts/Telegramfix/Fix-TelegramTestButton.ps1","6293",".ps1","CANDIDATE_INCLUDE","Potential application source, configuration, or dependency file"
"scripts/Telegramfix/Fix-TelegramTrigger.ps1","8152",".ps1","CANDIDATE_INCLUDE","Potential application source, configuration, or dependency file"
"scripts/Telegramfix/Fix-TradeLifecycleExit.ps1","14554",".ps1","CANDIDATE_INCLUDE","Potential application source, configuration, or dependency file"
"scripts/Telegramfix/Fix-TradeLinesClosed.ps1","3718",".ps1","CANDIDATE_INCLUDE","Potential application source, configuration, or dependency file"
"scripts/Telegramfix/Get-TelegramChatId.ps1","3517",".ps1","CANDIDATE_INCLUDE","Potential application source, configuration, or dependency file"
"scripts/Telegramfix/Migrate-FyersStorage.ps1","72356",".ps1","CANDIDATE_INCLUDE","Potential application source, configuration, or dependency file"
"scripts/Telegramfix/Migrate-IndstocksStorage.ps1","51043",".ps1","CANDIDATE_INCLUDE","Potential application source, configuration, or dependency file"
"scripts/Telegramfix/Migrate-ZerodhaStorage.ps1","30717",".ps1","CANDIDATE_INCLUDE","Potential application source, configuration, or dependency file"
"scripts/Telegramfix/Migration-Alicebluestorage.ps1","37788",".ps1","CANDIDATE_INCLUDE","Potential application source, configuration, or dependency file"
"scripts/Telegramfix/patch-aj-algo-layout.ps1","10117",".ps1","CANDIDATE_INCLUDE","Potential application source, configuration, or dependency file"
"scripts/Telegramfix/SelfHeal-AlgoHome.ps1","15160",".ps1","CANDIDATE_INCLUDE","Potential application source, configuration, or dependency file"
"scripts/Telegramfix/SelfHeal-AlgoHome.ps1.ps1","6543",".ps1","CANDIDATE_INCLUDE","Potential application source, configuration, or dependency file"
"scripts/Telegramfix/Set-TelegramChat.ps1","3283",".ps1","CANDIDATE_INCLUDE","Potential application source, configuration, or dependency file"
"scripts/Telegramfix/Startup-Diagnostics.txt","35943",".txt","CANDIDATE_INCLUDE","Potential application source, configuration, or dependency file"
"scripts/Telegramfix/telegram-dedup-test.ts","6680",".ts","CANDIDATE_INCLUDE","Potential application source, configuration, or dependency file"
"scripts/Telegramfix/Test-TelegramLive.ps1","4645",".ps1","CANDIDATE_INCLUDE","Potential application source, configuration, or dependency file"
"server/dailyIstScheduler.js","1251",".js","CANDIDATE_INCLUDE","Potential application source, configuration, or dependency file"
"server/desktop.ini","114",".ini","EXCLUDE","Generated output, runtime data, cache, or OS artifact"
"server/index.js","75756",".js","CANDIDATE_INCLUDE","Potential application source, configuration, or dependency file"
"server/aliceblue/AliceBlueFeed.js","13885",".js","CANDIDATE_INCLUDE","Potential application source, configuration, or dependency file"
"server/aliceblue/cli.mjs","23698",".mjs","CANDIDATE_INCLUDE","Potential application source, configuration, or dependency file"
"server/aliceblue/equitySearchRoute.js","3035",".js","CANDIDATE_INCLUDE","Potential application source, configuration, or dependency file"
"server/aliceblue/history.js","23016",".js","CANDIDATE_INCLUDE","Potential application source, configuration, or dependency file"
"server/aliceblue/login.js","6330",".js","CANDIDATE_INCLUDE","Potential application source, configuration, or dependency file"
"server/aliceblue/optionsRoute.js","8518",".js","CANDIDATE_INCLUDE","Potential application source, configuration, or dependency file"
"server/aliceblue/session.json","1786",".json","EXCLUDE","Potential secrets, sessions, credentials, or certificates"
"server/aliceblue/symbolMaster.js","57170",".js","CANDIDATE_INCLUDE","Potential application source, configuration, or dependency file"
"server/aliceblue/syncWorker.js","11907",".js","CANDIDATE_INCLUDE","Potential application source, configuration, or dependency file"
"server/aliceblue/token.js","5576",".js","CANDIDATE_INCLUDE","Potential application source, configuration, or dependency file"
"server/aliceblue/websocket.js","21748",".js","CANDIDATE_INCLUDE","Potential application source, configuration, or dependency file"
"server/aliceblue/data/aliceblue-candle-cache.db","921600",".db","EXCLUDE","Generated output, runtime data, cache, or OS artifact"
"server/aliceblue/data/aliceblue-candle-cache.db-shm","32768",".db-shm","EXCLUDE","Generated output, runtime data, cache, or OS artifact"
"server/aliceblue/data/aliceblue-candle-cache.db-wal","4272472",".db-wal","EXCLUDE","Generated output, runtime data, cache, or OS artifact"
"server/aliceblue/data/aliceblue-contract-master.db","79327232",".db","EXCLUDE","Generated output, runtime data, cache, or OS artifact"
"server/aliceblue/data/aliceblue-contract-master.db-shm","1638400",".db-shm","EXCLUDE","Generated output, runtime data, cache, or OS artifact"
"server/aliceblue/data/aliceblue-contract-master.db-wal","841806672",".db-wal","EXCLUDE","Generated output, runtime data, cache, or OS artifact"
"server/aliceblue/data/AliceBlueCandleDatabase.js","14745",".js","CANDIDATE_INCLUDE","Potential application source, configuration, or dependency file"
"server/aliceblue/data/AliceBlueContractDatabase.js","10256",".js","CANDIDATE_INCLUDE","Potential application source, configuration, or dependency file"
"server/binance/BinanceFeed.ts","11106",".ts","CANDIDATE_INCLUDE","Potential application source, configuration, or dependency file"
"server/binance/BinanceFeedAdapter.js","8311",".js","CANDIDATE_INCLUDE","Potential application source, configuration, or dependency file"
"server/binance/SymbolMapper.ts","468",".ts","CANDIDATE_INCLUDE","Potential application source, configuration, or dependency file"
"server/deltaexchange/.env.deltaexchange.sample","731",".sample","EXCLUDE","Potential secrets, sessions, credentials, or certificates"
"server/deltaexchange/check-login.ts","5386",".ts","CANDIDATE_INCLUDE","Potential application source, configuration, or dependency file"
"server/deltaexchange/DeltaExchangeAuth.ts","5229",".ts","CANDIDATE_INCLUDE","Potential application source, configuration, or dependency file"
"server/deltaexchange/DeltaExchangeFeed.ts","9324",".ts","CANDIDATE_INCLUDE","Potential application source, configuration, or dependency file"
"server/deltaexchange/DeltaExchangeFeedAdapter.js","5892",".js","CANDIDATE_INCLUDE","Potential application source, configuration, or dependency file"
"server/deltaexchange/DeltaOptionResolver.ts","3118",".ts","CANDIDATE_INCLUDE","Potential application source, configuration, or dependency file"
"server/deltaexchange/DeltaProductMaster.ts","13905",".ts","CANDIDATE_INCLUDE","Potential application source, configuration, or dependency file"
"server/deltaexchange/diagnose-options.ts","3914",".ts","CANDIDATE_INCLUDE","Potential application source, configuration, or dependency file"
"server/deltaexchange/optionsRoute.js","7480",".js","CANDIDATE_INCLUDE","Potential application source, configuration, or dependency file"
"server/deltaexchange/probe-candles.ts","2601",".ts","CANDIDATE_INCLUDE","Potential application source, configuration, or dependency file"
"server/deltaexchange/probe-liquidity.ts","2491",".ts","CANDIDATE_INCLUDE","Potential application source, configuration, or dependency file"
"server/deltaexchange/SymbolMapper.ts","949",".ts","CANDIDATE_INCLUDE","Potential application source, configuration, or dependency file"
"server/dhan/DhanFeed.ts","810",".ts","CANDIDATE_INCLUDE","Potential application source, configuration, or dependency file"
"server/feeds/DataSourceFactory.ts","1172",".ts","CANDIDATE_INCLUDE","Potential application source, configuration, or dependency file"
"server/feeds/FeedManager.js","14486",".js","CANDIDATE_INCLUDE","Potential application source, configuration, or dependency file"
"server/feeds/FeedRegistry.js","5784",".js","CANDIDATE_INCLUDE","Potential application source, configuration, or dependency file"
"server/feeds/InstrumentMapper.ts","4539",".ts","CANDIDATE_INCLUDE","Potential application source, configuration, or dependency file"
"server/feeds/normalizeTick.js","1244",".js","CANDIDATE_INCLUDE","Potential application source, configuration, or dependency file"
"server/feeds/OptionContractResolver.ts","13535",".ts","CANDIDATE_INCLUDE","Potential application source, configuration, or dependency file"
"server/feeds/SymbolMapper.ts","533",".ts","CANDIDATE_INCLUDE","Potential application source, configuration, or dependency file"
"server/feeds/UnifiedMarketData.ts","502",".ts","CANDIDATE_INCLUDE","Potential application source, configuration, or dependency file"
"server/fyers/equityMaster.js","10456",".js","CANDIDATE_INCLUDE","Potential application source, configuration, or dependency file"
"server/fyers/equitySearchRoute.js","2417",".js","CANDIDATE_INCLUDE","Potential application source, configuration, or dependency file"
"server/fyers/FyersFeed.js","5501",".js","CANDIDATE_INCLUDE","Potential application source, configuration, or dependency file"
"server/fyers/history.js","12308",".js","CANDIDATE_INCLUDE","Potential application source, configuration, or dependency file"
"server/fyers/login.js","10298",".js","CANDIDATE_INCLUDE","Potential application source, configuration, or dependency file"
"server/fyers/optionsRoute.js","3955",".js","CANDIDATE_INCLUDE","Potential application source, configuration, or dependency file"
"server/fyers/session.json","1489",".json","EXCLUDE","Potential secrets, sessions, credentials, or certificates"
"server/fyers/symbolMaster.js","25691",".js","CANDIDATE_INCLUDE","Potential application source, configuration, or dependency file"
"server/fyers/token.js","3775",".js","CANDIDATE_INCLUDE","Potential application source, configuration, or dependency file"
"server/fyers/websocket.js","15651",".js","CANDIDATE_INCLUDE","Potential application source, configuration, or dependency file"
"server/fyers/data/fyers-candle-cache.db","679936",".db","EXCLUDE","Generated output, runtime data, cache, or OS artifact"
"server/fyers/data/fyers-candle-cache.db-shm","32768",".db-shm","EXCLUDE","Generated output, runtime data, cache, or OS artifact"
"server/fyers/data/fyers-candle-cache.db-wal","4177712",".db-wal","EXCLUDE","Generated output, runtime data, cache, or OS artifact"
"server/fyers/data/fyers-contract-master.db","59817984",".db","EXCLUDE","Generated output, runtime data, cache, or OS artifact"
"server/fyers/data/fyers-contract-master.db-shm","131072",".db-shm","EXCLUDE","Generated output, runtime data, cache, or OS artifact"
"server/fyers/data/fyers-contract-master.db-wal","354085192",".db-wal","EXCLUDE","Generated output, runtime data, cache, or OS artifact"
"server/fyers/data/FyersCandleDatabase.js","8265",".js","CANDIDATE_INCLUDE","Potential application source, configuration, or dependency file"
"server/fyers/data/FyersContractDatabase.js","9384",".js","CANDIDATE_INCLUDE","Potential application source, configuration, or dependency file"
"server/indstocks/equitySearchRoute.js","1550",".js","CANDIDATE_INCLUDE","Potential application source, configuration, or dependency file"
"server/indstocks/history.js","9439",".js","CANDIDATE_INCLUDE","Potential application source, configuration, or dependency file"
"server/indstocks/INDstocksFeed.js","10872",".js","CANDIDATE_INCLUDE","Potential application source, configuration, or dependency file"
"server/indstocks/optionsRoute.js","1601",".js","CANDIDATE_INCLUDE","Potential application source, configuration, or dependency file"
"server/indstocks/session.json","360",".json","EXCLUDE","Potential secrets, sessions, credentials, or certificates"
"server/indstocks/symbolMaster.js","28309",".js","CANDIDATE_INCLUDE","Potential application source, configuration, or dependency file"
"server/indstocks/token.js","12422",".js","CANDIDATE_INCLUDE","Potential application source, configuration, or dependency file"
"server/indstocks/websocket.js","8153",".js","CANDIDATE_INCLUDE","Potential application source, configuration, or dependency file"
"server/indstocks/data/indstocks-candle-cache.db","1638400",".db","EXCLUDE","Generated output, runtime data, cache, or OS artifact"
"server/indstocks/data/indstocks-candle-cache.db-shm","32768",".db-shm","EXCLUDE","Generated output, runtime data, cache, or OS artifact"
"server/indstocks/data/indstocks-candle-cache.db-wal","4132392",".db-wal","EXCLUDE","Generated output, runtime data, cache, or OS artifact"
"server/indstocks/data/indstocks-contract-master.db","164982784",".db","EXCLUDE","Generated output, runtime data, cache, or OS artifact"
"server/indstocks/data/indstocks-contract-master.db-shm","5767168",".db-shm","EXCLUDE","Generated output, runtime data, cache, or OS artifact"
"server/indstocks/data/indstocks-contract-master.db-wal","2963128752",".db-wal","EXCLUDE","Generated output, runtime data, cache, or OS artifact"
"server/indstocks/data/IndstocksCandleDatabase.js","8726",".js","CANDIDATE_INCLUDE","Potential application source, configuration, or dependency file"
"server/indstocks/data/IndstocksContractDatabase.js","6426",".js","CANDIDATE_INCLUDE","Potential application source, configuration, or dependency file"
"server/telegram/telegramRoute.js","7062",".js","CANDIDATE_INCLUDE","Potential application source, configuration, or dependency file"
"server/twelveData/TwelveDataFeed.ts","162",".ts","CANDIDATE_INCLUDE","Potential application source, configuration, or dependency file"
"server/upstox/desktop.ini","54",".ini","EXCLUDE","Generated output, runtime data, cache, or OS artifact"
"server/upstox/history.js","0",".js","CANDIDATE_INCLUDE","Potential application source, configuration, or dependency file"
"server/upstox/login.js","0",".js","CANDIDATE_INCLUDE","Potential application source, configuration, or dependency file"
"server/upstox/symbols.js","0",".js","CANDIDATE_INCLUDE","Potential application source, configuration, or dependency file"
"server/upstox/token.js","1376",".js","CANDIDATE_INCLUDE","Potential application source, configuration, or dependency file"
"server/upstox/UpstoxFeed.js","104",".js","CANDIDATE_INCLUDE","Potential application source, configuration, or dependency file"
"server/upstox/websocket.js","0",".js","CANDIDATE_INCLUDE","Potential application source, configuration, or dependency file"
"server/yahoo/YahooFeed.ts","5366",".ts","CANDIDATE_INCLUDE","Potential application source, configuration, or dependency file"
"server/yahoo/YahooFeedAdapter.js","1949",".js","CANDIDATE_INCLUDE","Potential application source, configuration, or dependency file"
"server/yahoo/YahooSymbolCatalog.js","5134",".js","CANDIDATE_INCLUDE","Potential application source, configuration, or dependency file"
"server/zerodha/equitySearchRoute.js","3416",".js","CANDIDATE_INCLUDE","Potential application source, configuration, or dependency file"
"server/zerodha/history.js","13848",".js","CANDIDATE_INCLUDE","Potential application source, configuration, or dependency file"
"server/zerodha/kiteBinaryParser.js","6349",".js","CANDIDATE_INCLUDE","Potential application source, configuration, or dependency file"
"server/zerodha/login.js","12386",".js","CANDIDATE_INCLUDE","Potential application source, configuration, or dependency file"
"server/zerodha/nativeWebSocket.js","5782",".js","CANDIDATE_INCLUDE","Potential application source, configuration, or dependency file"
"server/zerodha/optionsRoute.js","1779",".js","CANDIDATE_INCLUDE","Potential application source, configuration, or dependency file"
"server/zerodha/session.json","239",".json","EXCLUDE","Potential secrets, sessions, credentials, or certificates"
"server/zerodha/SymbolSearch.js","10335",".js","CANDIDATE_INCLUDE","Potential application source, configuration, or dependency file"
"server/zerodha/token.js","10396",".js","CANDIDATE_INCLUDE","Potential application source, configuration, or dependency file"
"server/zerodha/ZerodhaFeed.ts","8658",".ts","CANDIDATE_INCLUDE","Potential application source, configuration, or dependency file"
"server/zerodha/ZerodhaLiveFeed.ts","13605",".ts","CANDIDATE_INCLUDE","Potential application source, configuration, or dependency file"
"server/zerodha/data/zerodha-candle-cache.db","229376",".db","EXCLUDE","Generated output, runtime data, cache, or OS artifact"
"server/zerodha/data/zerodha-candle-cache.db-shm","32768",".db-shm","EXCLUDE","Generated output, runtime data, cache, or OS artifact"
"server/zerodha/data/zerodha-candle-cache.db-wal","4206552",".db-wal","EXCLUDE","Generated output, runtime data, cache, or OS artifact"
"server/zerodha/data/zerodha-contract-master.db","52723712",".db","EXCLUDE","Generated output, runtime data, cache, or OS artifact"
"server/zerodha/data/zerodha-contract-master.db-shm","163840",".db-shm","EXCLUDE","Generated output, runtime data, cache, or OS artifact"
"server/zerodha/data/zerodha-contract-master.db-wal","166971272",".db-wal","EXCLUDE","Generated output, runtime data, cache, or OS artifact"
"server/zerodha/data/ZerodhaCandleDatabase.js","29256",".js","CANDIDATE_INCLUDE","Potential application source, configuration, or dependency file"
"server/zerodha/data/ZerodhaContractDatabase.js","8350",".js","CANDIDATE_INCLUDE","Potential application source, configuration, or dependency file"
"server/zerodha/instruments/InstrumentCache.ts","4414",".ts","CANDIDATE_INCLUDE","Potential application source, configuration, or dependency file"
"server/zerodha/instruments/InstrumentDatabase.js","9057",".js","CANDIDATE_INCLUDE","Potential application source, configuration, or dependency file"
"server/zerodha/instruments/instruments.js","13366",".js","CANDIDATE_INCLUDE","Potential application source, configuration, or dependency file"
"server/zerodha/instruments/InstrumentSynchronizer.js","10985",".js","CANDIDATE_INCLUDE","Potential application source, configuration, or dependency file"
"src/App.css","2891",".css","CANDIDATE_INCLUDE","Potential application source, configuration, or dependency file"
"src/App.tsx","749",".tsx","CANDIDATE_INCLUDE","Potential application source, configuration, or dependency file"
"src/desktop.ini","121",".ini","EXCLUDE","Generated output, runtime data, cache, or OS artifact"
"src/index.css","3500",".css","CANDIDATE_INCLUDE","Potential application source, configuration, or dependency file"
"src/main.tsx","2982",".tsx","CANDIDATE_INCLUDE","Potential application source, configuration, or dependency file"
"src/alerts/AJAlertAdapter.ts","2169",".ts","CANDIDATE_INCLUDE","Potential application source, configuration, or dependency file"
"src/alerts/AlertDispatcher.ts","628",".ts","CANDIDATE_INCLUDE","Potential application source, configuration, or dependency file"
"src/alerts/AlertService.ts","459",".ts","CANDIDATE_INCLUDE","Potential application source, configuration, or dependency file"
"src/alerts/AlertTypes.ts","731",".ts","CANDIDATE_INCLUDE","Potential application source, configuration, or dependency file"
"src/analytics/AJAnalyticsAdapter.ts","691",".ts","CANDIDATE_INCLUDE","Potential application source, configuration, or dependency file"
"src/analytics/AnalyticsService.ts","604",".ts","CANDIDATE_INCLUDE","Potential application source, configuration, or dependency file"
"src/analytics/InstitutionalRanking.ts","641",".ts","CANDIDATE_INCLUDE","Potential application source, configuration, or dependency file"
"src/analytics/PerformanceMetrics.ts","919",".ts","CANDIDATE_INCLUDE","Potential application source, configuration, or dependency file"
"src/analytics/TradeTracker.ts","565",".ts","CANDIDATE_INCLUDE","Potential application source, configuration, or dependency file"
"src/assets/desktop.ini","135",".ini","EXCLUDE","Generated output, runtime data, cache, or OS artifact"
"src/assets/hero.png","13057",".png","CANDIDATE_INCLUDE","Potential application source, configuration, or dependency file"
"src/assets/react.svg","4126",".svg","CANDIDATE_INCLUDE","Potential application source, configuration, or dependency file"
"src/assets/vite.svg","8709",".svg","CANDIDATE_INCLUDE","Potential application source, configuration, or dependency file"
"src/auth/DhanAuth.ts","73",".ts","CANDIDATE_INCLUDE","Potential application source, configuration, or dependency file"
"src/auth/ZerodhaAuth.ts","2030",".ts","CANDIDATE_INCLUDE","Potential application source, configuration, or dependency file"
"src/backtest/BacktestEngine.ts","1592",".ts","CANDIDATE_INCLUDE","Potential application source, configuration, or dependency file"
"src/backtest/BacktestResult.ts","313",".ts","CANDIDATE_INCLUDE","Potential application source, configuration, or dependency file"
"src/backtest/EquityCurve.ts","335",".ts","CANDIDATE_INCLUDE","Potential application source, configuration, or dependency file"
"src/backtest/PerformanceMetrics.ts","1340",".ts","CANDIDATE_INCLUDE","Potential application source, configuration, or dependency file"
"src/backtest/PerformanceReport.ts","0",".ts","CANDIDATE_INCLUDE","Potential application source, configuration, or dependency file"
"src/backtest/Trade.ts","233",".ts","CANDIDATE_INCLUDE","Potential application source, configuration, or dependency file"
"src/backtest/TradeJournal.ts","575",".ts","CANDIDATE_INCLUDE","Potential application source, configuration, or dependency file"
"src/builder/ConditionBuilder.ts","162",".ts","CANDIDATE_INCLUDE","Potential application source, configuration, or dependency file"
"src/builder/RuleBuilder.ts","128",".ts","CANDIDATE_INCLUDE","Potential application source, configuration, or dependency file"
"src/builder/StrategyFactory.ts","288",".ts","CANDIDATE_INCLUDE","Potential application source, configuration, or dependency file"
"src/builder/StrategyTemplate.ts","88",".ts","CANDIDATE_INCLUDE","Potential application source, configuration, or dependency file"
"src/charts/ChartEngine.tsx","77274",".tsx","CANDIDATE_INCLUDE","Potential application source, configuration, or dependency file"
"src/charts/ChartEngine.tsx.bak.2909","62069",".2909","REVIEW","Backup or historical copy; verify whether required"
"src/charts/desktop.ini","114",".ini","EXCLUDE","Generated output, runtime data, cache, or OS artifact"
"src/charts/OverlayManager.ts","1924",".ts","CANDIDATE_INCLUDE","Potential application source, configuration, or dependency file"
"src/charts/TradeLevelRenderer.ts","4834",".ts","CANDIDATE_INCLUDE","Potential application source, configuration, or dependency file"
"src/charts/TradeLevelRenderer.ts.bak-closedlines","4635",".bak-closedlines","REVIEW","Backup or historical copy; verify whether required"
"src/charts/primitives/InstitutionalZonePrimitive.ts","26794",".ts","CANDIDATE_INCLUDE","Potential application source, configuration, or dependency file"
"src/components/AIActionsMenu.tsx","15869",".tsx","CANDIDATE_INCLUDE","Potential application source, configuration, or dependency file"
"src/components/AJSettingsPanel.tsx","10585",".tsx","CANDIDATE_INCLUDE","Potential application source, configuration, or dependency file"
"src/components/AlertsPanel.tsx","8520",".tsx","CANDIDATE_INCLUDE","Potential application source, configuration, or dependency file"
"src/components/ChartErrorBoundary.tsx","1453",".tsx","CANDIDATE_INCLUDE","Potential application source, configuration, or dependency file"
"src/components/ChartIndicatorMenu.tsx","14101",".tsx","CANDIDATE_INCLUDE","Potential application source, configuration, or dependency file"
"src/components/ChartSettingsPanel.tsx","7857",".tsx","CANDIDATE_INCLUDE","Potential application source, configuration, or dependency file"
"src/components/ChartStyleSelector.tsx","9121",".tsx","CANDIDATE_INCLUDE","Potential application source, configuration, or dependency file"
"src/components/ChartWindow.tsx","100512",".tsx","CANDIDATE_INCLUDE","Potential application source, configuration, or dependency file"
"src/components/DataSourceSelector.tsx","1969",".tsx","CANDIDATE_INCLUDE","Potential application source, configuration, or dependency file"
"src/components/DebugPanel.tsx","79",".tsx","CANDIDATE_INCLUDE","Potential application source, configuration, or dependency file"
"src/components/desktop.ini","114",".ini","EXCLUDE","Generated output, runtime data, cache, or OS artifact"
"src/components/FeedSelector.tsx","1624",".tsx","CANDIDATE_INCLUDE","Potential application source, configuration, or dependency file"
"src/components/GroupSelector.tsx","1295",".tsx","CANDIDATE_INCLUDE","Potential application source, configuration, or dependency file"
"src/components/IndicatorPanel.tsx","1638",".tsx","CANDIDATE_INCLUDE","Potential application source, configuration, or dependency file"
"src/components/IndicatorSettingsPanel.tsx","2854",".tsx","CANDIDATE_INCLUDE","Potential application source, configuration, or dependency file"
"src/components/InstitutionalDashboardPanel.tsx","733",".tsx","CANDIDATE_INCLUDE","Potential application source, configuration, or dependency file"
"src/components/LayoutSelector.tsx","1520",".tsx","CANDIDATE_INCLUDE","Potential application source, configuration, or dependency file"
"src/components/ScannerPanel.tsx","10220",".tsx","CANDIDATE_INCLUDE","Potential application source, configuration, or dependency file"
"src/components/SymbolSelector.tsx","48900",".tsx","CANDIDATE_INCLUDE","Potential application source, configuration, or dependency file"
"src/components/ThemeToggle.tsx","2883",".tsx","CANDIDATE_INCLUDE","Potential application source, configuration, or dependency file"
"src/components/TimeframeSelector.tsx","1302",".tsx","CANDIDATE_INCLUDE","Potential application source, configuration, or dependency file"
"src/components/WatchlistPanel.tsx","4503",".tsx","CANDIDATE_INCLUDE","Potential application source, configuration, or dependency file"
"src/components/settings/ADXSettings.tsx","461",".tsx","CANDIDATE_INCLUDE","Potential application source, configuration, or dependency file"
"src/components/settings/ATRSettings.tsx","448",".tsx","CANDIDATE_INCLUDE","Potential application source, configuration, or dependency file"
"src/components/settings/EMASettings.tsx","483",".tsx","CANDIDATE_INCLUDE","Potential application source, configuration, or dependency file"
"src/components/settings/RSISettings.tsx","448",".tsx","CANDIDATE_INCLUDE","Potential application source, configuration, or dependency file"
"src/components/settings/VWAPSettings.tsx","446",".tsx","CANDIDATE_INCLUDE","Potential application source, configuration, or dependency file"
"src/config/AssetRegistry.ts","413",".ts","CANDIDATE_INCLUDE","Potential application source, configuration, or dependency file"
"src/config/InstrumentRegistry.ts","1967",".ts","CANDIDATE_INCLUDE","Potential application source, configuration, or dependency file"
"src/config/SymbolRegistry.ts","1920",".ts","CANDIDATE_INCLUDE","Potential application source, configuration, or dependency file"
"src/core/BiasEngine.ts","220",".ts","CANDIDATE_INCLUDE","Potential application source, configuration, or dependency file"
"src/core/CandleCache.ts","461",".ts","CANDIDATE_INCLUDE","Potential application source, configuration, or dependency file"
"src/core/Config.ts","170",".ts","CANDIDATE_INCLUDE","Potential application source, configuration, or dependency file"
"src/core/CrosshairSyncManager.ts","824",".ts","CANDIDATE_INCLUDE","Potential application source, configuration, or dependency file"
"src/core/EngineState.ts","496",".ts","CANDIDATE_INCLUDE","Potential application source, configuration, or dependency file"
"src/core/FunctionLibrary.ts","533",".ts","CANDIDATE_INCLUDE","Potential application source, configuration, or dependency file"
"src/core/LinkGroupManager.ts","928",".ts","CANDIDATE_INCLUDE","Potential application source, configuration, or dependency file"
"src/core/OptionEngine.ts","408",".ts","CANDIDATE_INCLUDE","Potential application source, configuration, or dependency file"
"src/core/SessionEngine.ts","13628",".ts","CANDIDATE_INCLUDE","Potential application source, configuration, or dependency file"
"src/core/State.ts","621",".ts","CANDIDATE_INCLUDE","Potential application source, configuration, or dependency file"
"src/core/SyncEngine.ts","306",".ts","CANDIDATE_INCLUDE","Potential application source, configuration, or dependency file"
"src/core/TimeframeAggregator.ts","2281",".ts","CANDIDATE_INCLUDE","Potential application source, configuration, or dependency file"
"src/core/Types.ts","407",".ts","CANDIDATE_INCLUDE","Potential application source, configuration, or dependency file"
"src/dashboard/AJDashboardAdapter.ts","4927",".ts","CANDIDATE_INCLUDE","Potential application source, configuration, or dependency file"
"src/dashboard/DashboardFormatter.ts","16435",".ts","CANDIDATE_INCLUDE","Potential application source, configuration, or dependency file"
"src/dashboard/DashboardService.ts","3592",".ts","CANDIDATE_INCLUDE","Potential application source, configuration, or dependency file"
"src/dashboard/DashboardStore.ts","7193",".ts","CANDIDATE_INCLUDE","Potential application source, configuration, or dependency file"
"src/dashboard/DashboardTypes.ts","3031",".ts","CANDIDATE_INCLUDE","Potential application source, configuration, or dependency file"
"src/dashboard/giftDashboard.ts","190",".ts","CANDIDATE_INCLUDE","Potential application source, configuration, or dependency file"
"src/dashboard/InstitutionalDashboard.ts","545",".ts","CANDIDATE_INCLUDE","Potential application source, configuration, or dependency file"
"src/dashboard/professionalDashboard.ts","161",".ts","CANDIDATE_INCLUDE","Potential application source, configuration, or dependency file"
"src/data/SymbolMaster.ts","2583",".ts","CANDIDATE_INCLUDE","Potential application source, configuration, or dependency file"
"src/debug/DebugEngine.ts","21811",".ts","CANDIDATE_INCLUDE","Potential application source, configuration, or dependency file"
"src/debug/DebugSnapshot.ts","6149",".ts","CANDIDATE_INCLUDE","Potential application source, configuration, or dependency file"
"src/findings/CriticalBugs.ts","764",".ts","CANDIDATE_INCLUDE","Potential application source, configuration, or dependency file"
"src/findings/ExecutionAudit.ts","266",".ts","CANDIDATE_INCLUDE","Potential application source, configuration, or dependency file"
"src/findings/LifecycleTrace.ts","208",".ts","CANDIDATE_INCLUDE","Potential application source, configuration, or dependency file"
"src/indicators/ATR.ts","13130",".ts","CANDIDATE_INCLUDE","Potential application source, configuration, or dependency file"
"src/indicators/BOS.ts","7871",".ts","CANDIDATE_INCLUDE","Potential application source, configuration, or dependency file"
"src/indicators/CHOCH.ts","9217",".ts","CANDIDATE_INCLUDE","Potential application source, configuration, or dependency file"
"src/indicators/CVD.ts","14895",".ts","CANDIDATE_INCLUDE","Potential application source, configuration, or dependency file"
"src/indicators/desktop.ini","121",".ini","EXCLUDE","Generated output, runtime data, cache, or OS artifact"
"src/indicators/EMA.ts","5660",".ts","CANDIDATE_INCLUDE","Potential application source, configuration, or dependency file"
"src/indicators/FVG.ts","14206",".ts","CANDIDATE_INCLUDE","Potential application source, configuration, or dependency file"
"src/indicators/IndicatorLibrary.ts","2312",".ts","CANDIDATE_INCLUDE","Potential application source, configuration, or dependency file"
"src/indicators/IndicatorManager.ts","11694",".ts","CANDIDATE_INCLUDE","Potential application source, configuration, or dependency file"
"src/indicators/InsideBar.ts","5559",".ts","CANDIDATE_INCLUDE","Potential application source, configuration, or dependency file"
"src/indicators/LiquiditySweep.ts","9590",".ts","CANDIDATE_INCLUDE","Potential application source, configuration, or dependency file"
"src/indicators/RSI.ts","5798",".ts","CANDIDATE_INCLUDE","Potential application source, configuration, or dependency file"
"src/indicators/VWAP.ts","6995",".ts","CANDIDATE_INCLUDE","Potential application source, configuration, or dependency file"
"src/indicators/ADX/ADX.ts","9009",".ts","CANDIDATE_INCLUDE","Potential application source, configuration, or dependency file"
"src/indicators/ADX/ADXEngine.ts","3664",".ts","CANDIDATE_INCLUDE","Potential application source, configuration, or dependency file"
"src/indicators/ADX/ADXResult.ts","591",".ts","CANDIDATE_INCLUDE","Potential application source, configuration, or dependency file"
"src/indicators/ADX/ADXTypes.ts","746",".ts","CANDIDATE_INCLUDE","Potential application source, configuration, or dependency file"
"src/indicators/AJIndicator/AJConstants.ts","2245",".ts","CANDIDATE_INCLUDE","Potential application source, configuration, or dependency file"
"src/indicators/AJIndicator/AJContextEngine.ts","8225",".ts","CANDIDATE_INCLUDE","Potential application source, configuration, or dependency file"
"src/indicators/AJIndicator/AJDecisionEngine.ts","86520",".ts","CANDIDATE_INCLUDE","Potential application source, configuration, or dependency file"
"src/indicators/AJIndicator/AJExecutionEngine.ts","7965",".ts","CANDIDATE_INCLUDE","Potential application source, configuration, or dependency file"
"src/indicators/AJIndicator/AJIndicator.ts","5902",".ts","CANDIDATE_INCLUDE","Potential application source, configuration, or dependency file"
"src/indicators/AJIndicator/AJOptionsEngine.ts","2664",".ts","CANDIDATE_INCLUDE","Potential application source, configuration, or dependency file"
"src/indicators/AJIndicator/AJPayloadBuilder.ts","37332",".ts","CANDIDATE_INCLUDE","Potential application source, configuration, or dependency file"
"src/indicators/AJIndicator/AJRuntimeContext.ts","21244",".ts","CANDIDATE_INCLUDE","Potential application source, configuration, or dependency file"
"src/indicators/AJIndicator/AJRuntimeContextBuilder.ts","54262",".ts","CANDIDATE_INCLUDE","Potential application source, configuration, or dependency file"
"src/indicators/AJIndicator/AJRuntimeContextBuilder.ts.bak.2909","50274",".2909","REVIEW","Backup or historical copy; verify whether required"
"src/indicators/AJIndicator/AJRuntimeEngine.ts","8480",".ts","CANDIDATE_INCLUDE","Potential application source, configuration, or dependency file"
"src/indicators/AJIndicator/AJTypes.ts","10132",".ts","CANDIDATE_INCLUDE","Potential application source, configuration, or dependency file"
"src/indicators/AJIndicator/index.ts","1314",".ts","CANDIDATE_INCLUDE","Potential application source, configuration, or dependency file"
"src/indicators/AJIndicator/ai/AIConfidenceEngine.ts","18082",".ts","CANDIDATE_INCLUDE","Potential application source, configuration, or dependency file"
"src/indicators/AJIndicator/ai/AIEngine.ts","17606",".ts","CANDIDATE_INCLUDE","Potential application source, configuration, or dependency file"
"src/indicators/AJIndicator/ai/AllocationAI.ts","7676",".ts","CANDIDATE_INCLUDE","Potential application source, configuration, or dependency file"
"src/indicators/AJIndicator/ai/PortfolioAI.ts","7841",".ts","CANDIDATE_INCLUDE","Potential application source, configuration, or dependency file"
"src/indicators/AJIndicator/ai/RiskAI.ts","7246",".ts","CANDIDATE_INCLUDE","Potential application source, configuration, or dependency file"
"src/indicators/AJIndicator/config/AJIndicatorSettingsPanel.tsx","18306",".tsx","CANDIDATE_INCLUDE","Potential application source, configuration, or dependency file"
"src/indicators/AJIndicator/config/AJRuntimeParameters.ts","9601",".ts","CANDIDATE_INCLUDE","Potential application source, configuration, or dependency file"
"src/indicators/AJIndicator/config/AJSettingsBridge.ts","6933",".ts","CANDIDATE_INCLUDE","Potential application source, configuration, or dependency file"
"src/indicators/AJIndicator/context/AJContextResult.ts","6636",".ts","CANDIDATE_INCLUDE","Potential application source, configuration, or dependency file"
"src/indicators/AJIndicator/context/AJContextTypes.ts","8088",".ts","CANDIDATE_INCLUDE","Potential application source, configuration, or dependency file"
"src/indicators/AJIndicator/context/BreakoutEngine.ts","13220",".ts","CANDIDATE_INCLUDE","Potential application source, configuration, or dependency file"
"src/indicators/AJIndicator/context/BreakoutResult.ts","384",".ts","CANDIDATE_INCLUDE","Potential application source, configuration, or dependency file"
"src/indicators/AJIndicator/context/BreakoutTypes.ts","503",".ts","CANDIDATE_INCLUDE","Potential application source, configuration, or dependency file"
"src/indicators/AJIndicator/context/ContextEngine.ts","37984",".ts","CANDIDATE_INCLUDE","Potential application source, configuration, or dependency file"
"src/indicators/AJIndicator/context/index.ts","2077",".ts","CANDIDATE_INCLUDE","Potential application source, configuration, or dependency file"
"src/indicators/AJIndicator/core/contracts.ts","0",".ts","CANDIDATE_INCLUDE","Potential application source, configuration, or dependency file"
"src/indicators/AJIndicator/core/EngineState.ts","1107",".ts","CANDIDATE_INCLUDE","Potential application source, configuration, or dependency file"
"src/indicators/AJIndicator/core/index.ts","154",".ts","CANDIDATE_INCLUDE","Potential application source, configuration, or dependency file"
"src/indicators/AJIndicator/core/StateMachine.ts","23080",".ts","CANDIDATE_INCLUDE","Potential application source, configuration, or dependency file"
"src/indicators/AJIndicator/core/StateMachineResult.ts","2233",".ts","CANDIDATE_INCLUDE","Potential application source, configuration, or dependency file"
"src/indicators/AJIndicator/core/StateMachineTypes.ts","3159",".ts","CANDIDATE_INCLUDE","Potential application source, configuration, or dependency file"
"src/indicators/AJIndicator/crypto/CryptoScoreEngine.ts","14055",".ts","CANDIDATE_INCLUDE","Potential application source, configuration, or dependency file"
"src/indicators/AJIndicator/debug/AJAdvisoryPanel.tsx","20913",".tsx","CANDIDATE_INCLUDE","Potential application source, configuration, or dependency file"
"src/indicators/AJIndicator/debug/AJDebugBuilder.ts","26710",".ts","CANDIDATE_INCLUDE","Potential application source, configuration, or dependency file"
"src/indicators/AJIndicator/debug/AJDebugContract.ts","0",".ts","CANDIDATE_INCLUDE","Potential application source, configuration, or dependency file"
"src/indicators/AJIndicator/debug/AJDebugOverlay.tsx","9868",".tsx","CANDIDATE_INCLUDE","Potential application source, configuration, or dependency file"
"src/indicators/AJIndicator/debug/AJDecisionSnapshot.ts","4032",".ts","CANDIDATE_INCLUDE","Potential application source, configuration, or dependency file"
"src/indicators/AJIndicator/debug/AJLoggingGate.ts","11472",".ts","CANDIDATE_INCLUDE","Potential application source, configuration, or dependency file"
"src/indicators/AJIndicator/debug/AJPipelineTrace.ts","20831",".ts","CANDIDATE_INCLUDE","Potential application source, configuration, or dependency file"
"src/indicators/AJIndicator/debug/EngineDiagnostic.ts","2399",".ts","CANDIDATE_INCLUDE","Potential application source, configuration, or dependency file"
"src/indicators/AJIndicator/engines/index.ts","578",".ts","CANDIDATE_INCLUDE","Potential application source, configuration, or dependency file"
"src/indicators/AJIndicator/engines/Authority/AuthorityDecision.ts","4582",".ts","CANDIDATE_INCLUDE","Potential application source, configuration, or dependency file"
"src/indicators/AJIndicator/engines/Authority/AuthorityDecisionResult.ts","2829",".ts","CANDIDATE_INCLUDE","Potential application source, configuration, or dependency file"
"src/indicators/AJIndicator/engines/Authority/AuthorityDecisionTypes.ts","4296",".ts","CANDIDATE_INCLUDE","Potential application source, configuration, or dependency file"
"src/indicators/AJIndicator/engines/Authority/ExecutionAuthority.ts","30848",".ts","CANDIDATE_INCLUDE","Potential application source, configuration, or dependency file"
"src/indicators/AJIndicator/engines/Authority/ExecutionAuthorityResult.ts","2846",".ts","CANDIDATE_INCLUDE","Potential application source, configuration, or dependency file"
"src/indicators/AJIndicator/engines/Authority/ExecutionAuthorityTypes.ts","7883",".ts","CANDIDATE_INCLUDE","Potential application source, configuration, or dependency file"
"src/indicators/AJIndicator/engines/Authority/index.ts","1896",".ts","CANDIDATE_INCLUDE","Potential application source, configuration, or dependency file"
"src/indicators/AJIndicator/engines/Confidence/ConfidenceEngine.ts","43785",".ts","CANDIDATE_INCLUDE","Potential application source, configuration, or dependency file"
"src/indicators/AJIndicator/engines/Confidence/ConfidenceEvidence.ts","4315",".ts","CANDIDATE_INCLUDE","Potential application source, configuration, or dependency file"
"src/indicators/AJIndicator/engines/Confidence/ConfidenceFactors.ts","7445",".ts","CANDIDATE_INCLUDE","Potential application source, configuration, or dependency file"
"src/indicators/AJIndicator/engines/Confidence/ConfidenceResult.ts","4061",".ts","CANDIDATE_INCLUDE","Potential application source, configuration, or dependency file"
"src/indicators/AJIndicator/engines/Confidence/ConfidenceTypes.ts","4291",".ts","CANDIDATE_INCLUDE","Potential application source, configuration, or dependency file"
"src/indicators/AJIndicator/engines/Confidence/index.ts","1807",".ts","CANDIDATE_INCLUDE","Potential application source, configuration, or dependency file"
"src/indicators/AJIndicator/engines/Execution/ExecutionEngine.ts","13548",".ts","CANDIDATE_INCLUDE","Potential application source, configuration, or dependency file"
"src/indicators/AJIndicator/engines/Execution/ExecutionResult.ts","5008",".ts","CANDIDATE_INCLUDE","Potential application source, configuration, or dependency file"
"src/indicators/AJIndicator/engines/Execution/ExecutionTypes.ts","12884",".ts","CANDIDATE_INCLUDE","Potential application source, configuration, or dependency file"
"src/indicators/AJIndicator/engines/Execution/ExitEngine.ts","9749",".ts","CANDIDATE_INCLUDE","Potential application source, configuration, or dependency file"
"src/indicators/AJIndicator/engines/Execution/index.ts","2218",".ts","CANDIDATE_INCLUDE","Potential application source, configuration, or dependency file"
"src/indicators/AJIndicator/engines/Execution/PaperPosition.ts","4666",".ts","CANDIDATE_INCLUDE","Potential application source, configuration, or dependency file"
"src/indicators/AJIndicator/engines/Execution/ReEntryEngine.ts","8689",".ts","CANDIDATE_INCLUDE","Potential application source, configuration, or dependency file"
"src/indicators/AJIndicator/engines/Execution/TradeManagement.ts","24854",".ts","CANDIDATE_INCLUDE","Potential application source, configuration, or dependency file"
"src/indicators/AJIndicator/engines/Execution/TradeManagementResult.ts","4788",".ts","CANDIDATE_INCLUDE","Potential application source, configuration, or dependency file"
"src/indicators/AJIndicator/engines/Execution/TradeManagementTypes.ts","6243",".ts","CANDIDATE_INCLUDE","Potential application source, configuration, or dependency file"
"src/indicators/AJIndicator/engines/Execution/TrailingEngine.ts","7056",".ts","CANDIDATE_INCLUDE","Potential application source, configuration, or dependency file"
"src/indicators/AJIndicator/engines/Lifecycle/index.ts","1857",".ts","CANDIDATE_INCLUDE","Potential application source, configuration, or dependency file"
"src/indicators/AJIndicator/engines/Lifecycle/LifecycleEngine.ts","7768",".ts","CANDIDATE_INCLUDE","Potential application source, configuration, or dependency file"
"src/indicators/AJIndicator/engines/Lifecycle/LifecycleResult.ts","3578",".ts","CANDIDATE_INCLUDE","Potential application source, configuration, or dependency file"
"src/indicators/AJIndicator/engines/Lifecycle/LifecycleState.ts","2883",".ts","CANDIDATE_INCLUDE","Potential application source, configuration, or dependency file"
"src/indicators/AJIndicator/engines/Lifecycle/LifecycleTypes.ts","3886",".ts","CANDIDATE_INCLUDE","Potential application source, configuration, or dependency file"
"src/indicators/AJIndicator/engines/Liquidity/index.ts","1739",".ts","CANDIDATE_INCLUDE","Potential application source, configuration, or dependency file"
"src/indicators/AJIndicator/engines/Liquidity/LiquidityEngine.ts","19375",".ts","CANDIDATE_INCLUDE","Potential application source, configuration, or dependency file"
"src/indicators/AJIndicator/engines/Liquidity/LiquidityResult.ts","6525",".ts","CANDIDATE_INCLUDE","Potential application source, configuration, or dependency file"
"src/indicators/AJIndicator/engines/Liquidity/LiquidityTypes.ts","4792",".ts","CANDIDATE_INCLUDE","Potential application source, configuration, or dependency file"
"src/indicators/AJIndicator/engines/MarketState/index.ts","1193",".ts","CANDIDATE_INCLUDE","Potential application source, configuration, or dependency file"
"src/indicators/AJIndicator/engines/MarketState/MarketStateEngine.ts","7841",".ts","CANDIDATE_INCLUDE","Potential application source, configuration, or dependency file"
"src/indicators/AJIndicator/engines/MarketState/MarketStateResult.ts","2802",".ts","CANDIDATE_INCLUDE","Potential application source, configuration, or dependency file"
"src/indicators/AJIndicator/engines/MarketState/MarketStateTypes.ts","3310",".ts","CANDIDATE_INCLUDE","Potential application source, configuration, or dependency file"
"src/indicators/AJIndicator/engines/MarketStructure/index.ts","1520",".ts","CANDIDATE_INCLUDE","Potential application source, configuration, or dependency file"
"src/indicators/AJIndicator/engines/MarketStructure/MarketStructureEngine.ts","8301",".ts","CANDIDATE_INCLUDE","Potential application source, configuration, or dependency file"
"src/indicators/AJIndicator/engines/MarketStructure/MarketStructureInput.ts","1916",".ts","CANDIDATE_INCLUDE","Potential application source, configuration, or dependency file"
"src/indicators/AJIndicator/engines/MarketStructure/MarketStructureResult.ts","3268",".ts","CANDIDATE_INCLUDE","Potential application source, configuration, or dependency file"
"src/indicators/AJIndicator/engines/MarketStructure/MarketStructureTypes.ts","4075",".ts","CANDIDATE_INCLUDE","Potential application source, configuration, or dependency file"
"src/indicators/AJIndicator/engines/Momentum/index.ts","1782",".ts","CANDIDATE_INCLUDE","Potential application source, configuration, or dependency file"
"src/indicators/AJIndicator/engines/Momentum/MomentumEngine.ts","7036",".ts","CANDIDATE_INCLUDE","Potential application source, configuration, or dependency file"
"src/indicators/AJIndicator/engines/Momentum/MomentumResult.ts","3997",".ts","CANDIDATE_INCLUDE","Potential application source, configuration, or dependency file"
"src/indicators/AJIndicator/engines/Momentum/MomentumTypes.ts","4780",".ts","CANDIDATE_INCLUDE","Potential application source, configuration, or dependency file"
"src/indicators/AJIndicator/engines/MultiTimeframe/index.ts","1831",".ts","CANDIDATE_INCLUDE","Potential application source, configuration, or dependency file"
"src/indicators/AJIndicator/engines/MultiTimeframe/MultiTimeframeEngine.ts","7775",".ts","CANDIDATE_INCLUDE","Potential application source, configuration, or dependency file"
"src/indicators/AJIndicator/engines/MultiTimeframe/MultiTimeframeResult.ts","3652",".ts","CANDIDATE_INCLUDE","Potential application source, configuration, or dependency file"
"src/indicators/AJIndicator/engines/MultiTimeframe/MultiTimeframeTypes.ts","4449",".ts","CANDIDATE_INCLUDE","Potential application source, configuration, or dependency file"
"src/indicators/AJIndicator/engines/OrderBlock/index.ts","1736",".ts","CANDIDATE_INCLUDE","Potential application source, configuration, or dependency file"
"src/indicators/AJIndicator/engines/OrderBlock/OrderBlockEngine.ts","8088",".ts","CANDIDATE_INCLUDE","Potential application source, configuration, or dependency file"
"src/indicators/AJIndicator/engines/OrderBlock/OrderBlockResult.ts","3463",".ts","CANDIDATE_INCLUDE","Potential application source, configuration, or dependency file"
"src/indicators/AJIndicator/engines/OrderBlock/OrderBlockTypes.ts","4401",".ts","CANDIDATE_INCLUDE","Potential application source, configuration, or dependency file"
"src/indicators/AJIndicator/engines/OrderFlow/index.ts","1253",".ts","CANDIDATE_INCLUDE","Potential application source, configuration, or dependency file"
"src/indicators/AJIndicator/engines/OrderFlow/OrderFlowEngine.ts","8958",".ts","CANDIDATE_INCLUDE","Potential application source, configuration, or dependency file"
"src/indicators/AJIndicator/engines/OrderFlow/OrderFlowResult.ts","3153",".ts","CANDIDATE_INCLUDE","Potential application source, configuration, or dependency file"
"src/indicators/AJIndicator/engines/OrderFlow/OrderFlowTypes.ts","4917",".ts","CANDIDATE_INCLUDE","Potential application source, configuration, or dependency file"
"src/indicators/AJIndicator/engines/PriceAction/index.ts","1764",".ts","CANDIDATE_INCLUDE","Potential application source, configuration, or dependency file"
"src/indicators/AJIndicator/engines/PriceAction/PriceActionEngine.ts","12763",".ts","CANDIDATE_INCLUDE","Potential application source, configuration, or dependency file"
"src/indicators/AJIndicator/engines/PriceAction/PriceActionResult.ts","4253",".ts","CANDIDATE_INCLUDE","Potential application source, configuration, or dependency file"
"src/indicators/AJIndicator/engines/PriceAction/PriceActionTypes.ts","5251",".ts","CANDIDATE_INCLUDE","Potential application source, configuration, or dependency file"
"src/indicators/AJIndicator/engines/RiskQualification/EntryRiskEngine.ts","17990",".ts","CANDIDATE_INCLUDE","Potential application source, configuration, or dependency file"
"src/indicators/AJIndicator/engines/RiskQualification/EntryRiskResult.ts","3772",".ts","CANDIDATE_INCLUDE","Potential application source, configuration, or dependency file"
"src/indicators/AJIndicator/engines/RiskQualification/EntryRiskTypes.ts","4890",".ts","CANDIDATE_INCLUDE","Potential application source, configuration, or dependency file"
"src/indicators/AJIndicator/engines/RiskQualification/index.ts","2022",".ts","CANDIDATE_INCLUDE","Potential application source, configuration, or dependency file"
"src/indicators/AJIndicator/engines/RiskQualification/RiskModel.ts","19440",".ts","CANDIDATE_INCLUDE","Potential application source, configuration, or dependency file"
"src/indicators/AJIndicator/engines/RiskQualification/RiskQualificationEngine.ts","7387",".ts","CANDIDATE_INCLUDE","Potential application source, configuration, or dependency file"
"src/indicators/AJIndicator/engines/RiskQualification/RiskQualificationInput.ts","1622",".ts","CANDIDATE_INCLUDE","Potential application source, configuration, or dependency file"
"src/indicators/AJIndicator/engines/RiskQualification/RiskQualificationResult.ts","4044",".ts","CANDIDATE_INCLUDE","Potential application source, configuration, or dependency file"
"src/indicators/AJIndicator/engines/RiskQualification/RiskQualificationTypes.ts","5859",".ts","CANDIDATE_INCLUDE","Potential application source, configuration, or dependency file"
"src/indicators/AJIndicator/engines/RiskQualification/RiskResult.ts","3640",".ts","CANDIDATE_INCLUDE","Potential application source, configuration, or dependency file"
"src/indicators/AJIndicator/engines/RiskQualification/RiskTypes.ts","4314",".ts","CANDIDATE_INCLUDE","Potential application source, configuration, or dependency file"
"src/indicators/AJIndicator/engines/Trend/index.ts","1752",".ts","CANDIDATE_INCLUDE","Potential application source, configuration, or dependency file"
"src/indicators/AJIndicator/engines/Trend/TrendEngine.ts","8851",".ts","CANDIDATE_INCLUDE","Potential application source, configuration, or dependency file"
"src/indicators/AJIndicator/engines/Trend/TrendResult.ts","4137",".ts","CANDIDATE_INCLUDE","Potential application source, configuration, or dependency file"
"src/indicators/AJIndicator/engines/Trend/TrendTypes.ts","5560",".ts","CANDIDATE_INCLUDE","Potential application source, configuration, or dependency file"
"src/indicators/AJIndicator/engines/Volatility/index.ts","1783",".ts","CANDIDATE_INCLUDE","Potential application source, configuration, or dependency file"
"src/indicators/AJIndicator/engines/Volatility/VolatilityEngine.ts","5970",".ts","CANDIDATE_INCLUDE","Potential application source, configuration, or dependency file"
"src/indicators/AJIndicator/engines/Volatility/VolatilityResult.ts","3422",".ts","CANDIDATE_INCLUDE","Potential application source, configuration, or dependency file"
"src/indicators/AJIndicator/engines/Volatility/VolatilityTypes.ts","4376",".ts","CANDIDATE_INCLUDE","Potential application source, configuration, or dependency file"
"src/indicators/AJIndicator/hosts/AJHost.ts","19148",".ts","CANDIDATE_INCLUDE","Potential application source, configuration, or dependency file"
"src/indicators/AJIndicator/hosts/index.ts","1105",".ts","CANDIDATE_INCLUDE","Potential application source, configuration, or dependency file"
"src/indicators/AJIndicator/options/AlgoOptionEngine.ts","5941",".ts","CANDIDATE_INCLUDE","Potential application source, configuration, or dependency file"
"src/indicators/AJIndicator/options/AlgoOptionResult.ts","148",".ts","CANDIDATE_INCLUDE","Potential application source, configuration, or dependency file"
"src/indicators/AJIndicator/options/AlgoOptionTypes.ts","250",".ts","CANDIDATE_INCLUDE","Potential application source, configuration, or dependency file"
"src/indicators/AJIndicator/options/index.ts","360",".ts","CANDIDATE_INCLUDE","Potential application source, configuration, or dependency file"
"src/indicators/AJIndicator/options/OptionContractResolver.ts","8646",".ts","CANDIDATE_INCLUDE","Potential application source, configuration, or dependency file"
"src/indicators/AJIndicator/options/OptionRecommendation.ts","840",".ts","CANDIDATE_INCLUDE","Potential application source, configuration, or dependency file"
"src/indicators/AJIndicator/options/OptionRecommendationEngine.ts","3116",".ts","CANDIDATE_INCLUDE","Potential application source, configuration, or dependency file"
"src/indicators/AJIndicator/options/OptionRecommendationResult.ts","3969",".ts","CANDIDATE_INCLUDE","Potential application source, configuration, or dependency file"
"src/indicators/AJIndicator/options/OptionRecommendationTypes.ts","533",".ts","CANDIDATE_INCLUDE","Potential application source, configuration, or dependency file"
"src/indicators/AJIndicator/options/OptionScoreEngine.ts","13143",".ts","CANDIDATE_INCLUDE","Potential application source, configuration, or dependency file"
"src/indicators/AJIndicator/options/OptionSymbolBuilder.ts","3905",".ts","CANDIDATE_INCLUDE","Potential application source, configuration, or dependency file"
"src/indicators/AJIndicator/options/OptionValidation.ts","609",".ts","CANDIDATE_INCLUDE","Potential application source, configuration, or dependency file"
"src/indicators/AJIndicator/options/OptionValidationEngine.ts","7264",".ts","CANDIDATE_INCLUDE","Potential application source, configuration, or dependency file"
"src/indicators/AJIndicator/options/OptionValidationResult.ts","1346",".ts","CANDIDATE_INCLUDE","Potential application source, configuration, or dependency file"
"src/indicators/AJIndicator/options/OptionValidationTypes.ts","1210",".ts","CANDIDATE_INCLUDE","Potential application source, configuration, or dependency file"
"src/indicators/AJIndicator/options/ScalpingExecutionEngine.ts","8201",".ts","CANDIDATE_INCLUDE","Potential application source, configuration, or dependency file"
"src/indicators/AJIndicator/smc/SMCEngine.ts","3307",".ts","CANDIDATE_INCLUDE","Potential application source, configuration, or dependency file"
"src/indicators/AJIndicator/smc/SMCResult.ts","702",".ts","CANDIDATE_INCLUDE","Potential application source, configuration, or dependency file"
"src/indicators/AJIndicator/smc/SMCTypes.ts","1323",".ts","CANDIDATE_INCLUDE","Potential application source, configuration, or dependency file"
"src/indicators/AJIndicator/store/AJIndicatorSettingsStore.ts","6346",".ts","CANDIDATE_INCLUDE","Potential application source, configuration, or dependency file"
"src/layouts/desktop.ini","114",".ini","EXCLUDE","Generated output, runtime data, cache, or OS artifact"
"src/layouts/MainLayout.tsx","157",".tsx","CANDIDATE_INCLUDE","Potential application source, configuration, or dependency file"
"src/layouts/Workspace8.tsx","32948",".tsx","CANDIDATE_INCLUDE","Potential application source, configuration, or dependency file"
"src/pages/AlgoHome.tsx","84527",".tsx","CANDIDATE_INCLUDE","Potential application source, configuration, or dependency file"
"src/pages/AlgoHome.tsx.backup-option-fonts-20261009-224617","84527",".backup-option-fonts-20261009-224617","REVIEW","Backup or historical copy; verify whether required"
"src/pages/Terminal.tsx","118",".tsx","CANDIDATE_INCLUDE","Potential application source, configuration, or dependency file"
"src/runtime/bootstrap.ts","1197",".ts","CANDIDATE_INCLUDE","Potential application source, configuration, or dependency file"
"src/runtime/desktop.ini","121",".ini","EXCLUDE","Generated output, runtime data, cache, or OS artifact"
"src/runtime/index.ts","192",".ts","CANDIDATE_INCLUDE","Potential application source, configuration, or dependency file"
"src/runtime/IndicatorRegistry.ts","5878",".ts","CANDIDATE_INCLUDE","Potential application source, configuration, or dependency file"
"src/runtime/IndicatorRuntime.ts","3483",".ts","CANDIDATE_INCLUDE","Potential application source, configuration, or dependency file"
"src/runtime/IndicatorTypes.ts","0",".ts","CANDIDATE_INCLUDE","Potential application source, configuration, or dependency file"
"src/runtime/PlotEngine.ts","1074",".ts","CANDIDATE_INCLUDE","Potential application source, configuration, or dependency file"
"src/runtime/RuntimeContext.ts","4747",".ts","CANDIDATE_INCLUDE","Potential application source, configuration, or dependency file"
"src/runtime/RuntimeEngine.ts","9048",".ts","CANDIDATE_INCLUDE","Potential application source, configuration, or dependency file"
"src/runtime/RuntimeResult.ts","4674",".ts","CANDIDATE_INCLUDE","Potential application source, configuration, or dependency file"
"src/runtime/RuntimeTypes.ts","9447",".ts","CANDIDATE_INCLUDE","Potential application source, configuration, or dependency file"
"src/runtime/StrategyRegistry.ts","649",".ts","CANDIDATE_INCLUDE","Potential application source, configuration, or dependency file"
"src/runtime/StrategyRuntime.ts","318",".ts","CANDIDATE_INCLUDE","Potential application source, configuration, or dependency file"
"src/runtime/analysis/ExecutionSimulator.ts","203",".ts","CANDIDATE_INCLUDE","Potential application source, configuration, or dependency file"
"src/runtime/analysis/MonteCarlo.ts","554",".ts","CANDIDATE_INCLUDE","Potential application source, configuration, or dependency file"
"src/runtime/analysis/Optimizer.ts","144",".ts","CANDIDATE_INCLUDE","Potential application source, configuration, or dependency file"
"src/runtime/analysis/RegimeEngine.ts","323",".ts","CANDIDATE_INCLUDE","Potential application source, configuration, or dependency file"
"src/runtime/analysis/WalkForward.ts","575",".ts","CANDIDATE_INCLUDE","Potential application source, configuration, or dependency file"
"src/runtime/config/RuntimeParameters.ts","22242",".ts","CANDIDATE_INCLUDE","Potential application source, configuration, or dependency file"
"src/runtime/execution/ExecutionEngine.ts","6425",".ts","CANDIDATE_INCLUDE","Potential application source, configuration, or dependency file"
"src/runtime/execution/ExecutionOptimizer.ts","7759",".ts","CANDIDATE_INCLUDE","Potential application source, configuration, or dependency file"
"src/runtime/execution/ExecutionResult.ts","2259",".ts","CANDIDATE_INCLUDE","Potential application source, configuration, or dependency file"
"src/runtime/execution/ExecutionTypes.ts","9384",".ts","CANDIDATE_INCLUDE","Potential application source, configuration, or dependency file"
"src/runtime/execution/index.ts","924",".ts","CANDIDATE_INCLUDE","Potential application source, configuration, or dependency file"
"src/runtime/hosts/desktop.ini","114",".ini","EXCLUDE","Generated output, runtime data, cache, or OS artifact"
"src/runtime/hosts/index.ts","129",".ts","CANDIDATE_INCLUDE","Potential application source, configuration, or dependency file"
"src/runtime/hosts/IndicatorHost.ts","2544",".ts","CANDIDATE_INCLUDE","Potential application source, configuration, or dependency file"
"src/runtime/hosts/StrategyHost.ts","5077",".ts","CANDIDATE_INCLUDE","Potential application source, configuration, or dependency file"
"src/runtime/multiasset/AssetClassifier.ts","0",".ts","CANDIDATE_INCLUDE","Potential application source, configuration, or dependency file"
"src/runtime/multiasset/AssetUniverse.ts","0",".ts","CANDIDATE_INCLUDE","Potential application source, configuration, or dependency file"
"src/runtime/multiasset/CrossAssetScanner.ts","0",".ts","CANDIDATE_INCLUDE","Potential application source, configuration, or dependency file"
"src/runtime/multiasset/MarketRegime.ts","0",".ts","CANDIDATE_INCLUDE","Potential application source, configuration, or dependency file"
"src/runtime/optimization/AdaptiveLearning.ts","10296",".ts","CANDIDATE_INCLUDE","Potential application source, configuration, or dependency file"
"src/runtime/optimization/AdaptiveLearningEngine.ts","6052",".ts","CANDIDATE_INCLUDE","Potential application source, configuration, or dependency file"
"src/runtime/optimization/GeneticOptimizer.ts","5224",".ts","CANDIDATE_INCLUDE","Potential application source, configuration, or dependency file"
"src/runtime/optimization/GridSearch.ts","0",".ts","CANDIDATE_INCLUDE","Potential application source, configuration, or dependency file"
"src/runtime/optimization/GridSearchEngine.ts","4375",".ts","CANDIDATE_INCLUDE","Potential application source, configuration, or dependency file"
"src/runtime/optimization/LearningAttributionEngine.ts","5028",".ts","CANDIDATE_INCLUDE","Potential application source, configuration, or dependency file"
"src/runtime/optimization/LearningStabilityEngine.ts","5017",".ts","CANDIDATE_INCLUDE","Potential application source, configuration, or dependency file"
"src/runtime/optimization/ParameterDriftEngine.ts","5216",".ts","CANDIDATE_INCLUDE","Potential application source, configuration, or dependency file"
"src/runtime/optimization/ParameterOptimizer.ts","13979",".ts","CANDIDATE_INCLUDE","Potential application source, configuration, or dependency file"
"src/runtime/optimization/ResearchParameterOptimizer.ts","4982",".ts","CANDIDATE_INCLUDE","Potential application source, configuration, or dependency file"
"src/runtime/platform/AJInstitutionalPlatform.ts","673",".ts","CANDIDATE_INCLUDE","Potential application source, configuration, or dependency file"
"src/runtime/platform/BacktestHost.ts","373",".ts","CANDIDATE_INCLUDE","Potential application source, configuration, or dependency file"
"src/runtime/platform/RecommendationEngine.ts","298",".ts","CANDIDATE_INCLUDE","Potential application source, configuration, or dependency file"
"src/runtime/portfolio/AllocationEngine.ts","7482",".ts","CANDIDATE_INCLUDE","Potential application source, configuration, or dependency file"
"src/runtime/portfolio/AllocationTypes.ts","7065",".ts","CANDIDATE_INCLUDE","Potential application source, configuration, or dependency file"
"src/runtime/portfolio/CorrelationEngine.ts","5783",".ts","CANDIDATE_INCLUDE","Potential application source, configuration, or dependency file"
"src/runtime/portfolio/ExposureEngine.ts","5686",".ts","CANDIDATE_INCLUDE","Potential application source, configuration, or dependency file"
"src/runtime/portfolio/PortfolioAI.ts","441",".ts","CANDIDATE_INCLUDE","Potential application source, configuration, or dependency file"
"src/runtime/portfolio/PortfolioEngine.ts","6945",".ts","CANDIDATE_INCLUDE","Potential application source, configuration, or dependency file"
"src/runtime/portfolio/PortfolioExecutionAdapter.ts","5341",".ts","CANDIDATE_INCLUDE","Potential application source, configuration, or dependency file"
"src/runtime/portfolio/PortfolioRiskEngine.ts","7757",".ts","CANDIDATE_INCLUDE","Potential application source, configuration, or dependency file"
"src/runtime/portfolio/PortfolioRiskResult.ts","1280",".ts","CANDIDATE_INCLUDE","Potential application source, configuration, or dependency file"
"src/runtime/portfolio/PortfolioTypes.ts","6891",".ts","CANDIDATE_INCLUDE","Potential application source, configuration, or dependency file"
"src/runtime/portfolio/PositionSizing.ts","5755",".ts","CANDIDATE_INCLUDE","Potential application source, configuration, or dependency file"
"src/runtime/portfolio/RiskEngine.ts","7860",".ts","CANDIDATE_INCLUDE","Potential application source, configuration, or dependency file"
"src/runtime/portfolio/SectorAllocation.ts","4396",".ts","CANDIDATE_INCLUDE","Potential application source, configuration, or dependency file"
"src/runtime/regime/LiquidityRegime.ts","0",".ts","CANDIDATE_INCLUDE","Potential application source, configuration, or dependency file"
"src/runtime/regime/MarketState.ts","0",".ts","CANDIDATE_INCLUDE","Potential application source, configuration, or dependency file"
"src/runtime/regime/RegimeDetector.ts","10146",".ts","CANDIDATE_INCLUDE","Potential application source, configuration, or dependency file"
"src/runtime/regime/TrendRegime.ts","0",".ts","CANDIDATE_INCLUDE","Potential application source, configuration, or dependency file"
"src/runtime/regime/VolatilityRegime.ts","0",".ts","CANDIDATE_INCLUDE","Potential application source, configuration, or dependency file"
"src/runtime/scheduler/ExecutionTimingOptimizer.ts","4882",".ts","CANDIDATE_INCLUDE","Potential application source, configuration, or dependency file"
"src/runtime/scheduler/RuntimeScheduler.ts","5248",".ts","CANDIDATE_INCLUDE","Potential application source, configuration, or dependency file"
"src/runtime/scheduler/SchedulerIntelligence.ts","5641",".ts","CANDIDATE_INCLUDE","Potential application source, configuration, or dependency file"
"src/runtime/signals/AJSignalBuilder.ts","6256",".ts","CANDIDATE_INCLUDE","Potential application source, configuration, or dependency file"
"src/runtime/signals/normalize.ts","2603",".ts","CANDIDATE_INCLUDE","Potential application source, configuration, or dependency file"
"src/runtime/signals/Signal.ts","1816",".ts","CANDIDATE_INCLUDE","Potential application source, configuration, or dependency file"
"src/runtime/signals/SignalEngine.ts","6585",".ts","CANDIDATE_INCLUDE","Potential application source, configuration, or dependency file"
"src/runtime/strategies/ADXTrendStrategy.ts","410",".ts","CANDIDATE_INCLUDE","Potential application source, configuration, or dependency file"
"src/runtime/strategies/ATRBreakoutStrategy.ts","439",".ts","CANDIDATE_INCLUDE","Potential application source, configuration, or dependency file"
"src/runtime/strategies/EMA20CrossStrategy.ts","466",".ts","CANDIDATE_INCLUDE","Potential application source, configuration, or dependency file"
"src/runtime/strategies/RSIReversalStrategy.ts","458",".ts","CANDIDATE_INCLUDE","Potential application source, configuration, or dependency file"
"src/runtime/strategies/VWAPReclaimStrategy.ts","462",".ts","CANDIDATE_INCLUDE","Potential application source, configuration, or dependency file"
"src/runtime/sync/SmartTradeSyncEngine.ts","8671",".ts","CANDIDATE_INCLUDE","Potential application source, configuration, or dependency file"
"src/runtime/types/Indicator.ts","260",".ts","CANDIDATE_INCLUDE","Potential application source, configuration, or dependency file"
"src/runtime/types/Plot.ts","157",".ts","CANDIDATE_INCLUDE","Potential application source, configuration, or dependency file"
"src/runtime/types/Strategy.ts","0",".ts","CANDIDATE_INCLUDE","Potential application source, configuration, or dependency file"
"src/scanner/AICandidateEngine.ts","743",".ts","CANDIDATE_INCLUDE","Potential application source, configuration, or dependency file"
"src/scanner/AIHost.ts","460",".ts","CANDIDATE_INCLUDE","Potential application source, configuration, or dependency file"
"src/scanner/CandidateEngine.ts","384",".ts","CANDIDATE_INCLUDE","Potential application source, configuration, or dependency file"
"src/scanner/ConfidenceEngine.ts","483",".ts","CANDIDATE_INCLUDE","Potential application source, configuration, or dependency file"
"src/scanner/InstitutionalCompositeEngine.ts","470",".ts","CANDIDATE_INCLUDE","Potential application source, configuration, or dependency file"
"src/scanner/InstitutionalScanner.ts","368",".ts","CANDIDATE_INCLUDE","Potential application source, configuration, or dependency file"
"src/scanner/InstitutionalScoring.ts","5941",".ts","CANDIDATE_INCLUDE","Potential application source, configuration, or dependency file"
"src/scanner/MultiFactorDecisionEngine.ts","528",".ts","CANDIDATE_INCLUDE","Potential application source, configuration, or dependency file"
"src/scanner/MultiTimeframeScanner.ts","669",".ts","CANDIDATE_INCLUDE","Potential application source, configuration, or dependency file"
"src/scanner/ScannerEngine.ts","7259",".ts","CANDIDATE_INCLUDE","Potential application source, configuration, or dependency file"
"src/scanner/ScannerProfiles.ts","634",".ts","CANDIDATE_INCLUDE","Potential application source, configuration, or dependency file"
"src/scanner/ScannerSeverity.ts","398",".ts","CANDIDATE_INCLUDE","Potential application source, configuration, or dependency file"
"src/scanner/ScannerStore.ts","350",".ts","CANDIDATE_INCLUDE","Potential application source, configuration, or dependency file"
"src/scanner/ScannerTypes.ts","222",".ts","CANDIDATE_INCLUDE","Potential application source, configuration, or dependency file"
"src/scanner/ScanScheduler.ts","461",".ts","CANDIDATE_INCLUDE","Potential application source, configuration, or dependency file"
"src/scanner/TestScanner.ts","580",".ts","CANDIDATE_INCLUDE","Potential application source, configuration, or dependency file"
"src/scanner/rules/BOSRule.ts","833",".ts","CANDIDATE_INCLUDE","Potential application source, configuration, or dependency file"
"src/scanner/rules/BreakoutRule.ts","556",".ts","CANDIDATE_INCLUDE","Potential application source, configuration, or dependency file"
"src/scanner/rules/EMACrossRule.ts","759",".ts","CANDIDATE_INCLUDE","Potential application source, configuration, or dependency file"
"src/scanner/rules/FVGRule.ts","597",".ts","CANDIDATE_INCLUDE","Potential application source, configuration, or dependency file"
"src/scanner/rules/LiquiditySweepRule.ts","920",".ts","CANDIDATE_INCLUDE","Potential application source, configuration, or dependency file"
"src/scanner/rules/MitigationRule.ts","656",".ts","CANDIDATE_INCLUDE","Potential application source, configuration, or dependency file"
"src/scanner/rules/OrderBlockRule.ts","713",".ts","CANDIDATE_INCLUDE","Potential application source, configuration, or dependency file"
"src/scanner/rules/PremiumDiscountRule.ts","755",".ts","CANDIDATE_INCLUDE","Potential application source, configuration, or dependency file"
"src/scanner/rules/StructureShiftRule.ts","1103",".ts","CANDIDATE_INCLUDE","Potential application source, configuration, or dependency file"
"src/scanner/rules/VolumeSpikeRule.ts","684",".ts","CANDIDATE_INCLUDE","Potential application source, configuration, or dependency file"
"src/scanner/smc/SMCScoringEngine.ts","924",".ts","CANDIDATE_INCLUDE","Potential application source, configuration, or dependency file"
"src/scanner/smc/ZoneStore.ts","550",".ts","CANDIDATE_INCLUDE","Potential application source, configuration, or dependency file"
"src/sections/AJ-PINE-MAPPING.md","48567",".md","CANDIDATE_INCLUDE","Potential application source, configuration, or dependency file"
"src/services/TelegramNotifier.ts","12942",".ts","CANDIDATE_INCLUDE","Potential application source, configuration, or dependency file"
"src/services/telegramRoute.js","5778",".js","CANDIDATE_INCLUDE","Potential application source, configuration, or dependency file"
"src/store/ActiveChartStore.ts","860",".ts","CANDIDATE_INCLUDE","Potential application source, configuration, or dependency file"
"src/store/AlertStore.ts","5769",".ts","CANDIDATE_INCLUDE","Potential application source, configuration, or dependency file"
"src/store/ChartStore.ts","394",".ts","CANDIDATE_INCLUDE","Potential application source, configuration, or dependency file"
"src/store/GlobalStore.ts","237",".ts","CANDIDATE_INCLUDE","Potential application source, configuration, or dependency file"
"src/store/IndicatorSettingsStore.ts","0",".ts","CANDIDATE_INCLUDE","Potential application source, configuration, or dependency file"
"src/store/WatchlistStore.ts","4796",".ts","CANDIDATE_INCLUDE","Potential application source, configuration, or dependency file"
"src/store/WorkspaceIndicatorStore.ts","601",".ts","CANDIDATE_INCLUDE","Potential application source, configuration, or dependency file"
"src/store/WorkspaceStore.ts","2551",".ts","CANDIDATE_INCLUDE","Potential application source, configuration, or dependency file"
"src/strategy-builder/ConditionBuilder.ts","0",".ts","CANDIDATE_INCLUDE","Potential application source, configuration, or dependency file"
"src/strategy-builder/RuleBuilder.ts","0",".ts","CANDIDATE_INCLUDE","Potential application source, configuration, or dependency file"
"src/strategy-builder/StrategyFactory.ts","0",".ts","CANDIDATE_INCLUDE","Potential application source, configuration, or dependency file"
"src/strategy-builder/StrategyTemplate.ts","0",".ts","CANDIDATE_INCLUDE","Potential application source, configuration, or dependency file"
"src/sync/syncPanel.ts","570",".ts","CANDIDATE_INCLUDE","Potential application source, configuration, or dependency file"
"src/theme/desktop.ini","114",".ini","EXCLUDE","Generated output, runtime data, cache, or OS artifact"
"src/theme/theme.css","9416",".css","CANDIDATE_INCLUDE","Potential application source, configuration, or dependency file"
"src/theme/ThemeContext.tsx","4131",".tsx","CANDIDATE_INCLUDE","Potential application source, configuration, or dependency file"
"src/types/Candle.ts","210",".ts","CANDIDATE_INCLUDE","Potential application source, configuration, or dependency file"
"src/types/ChartConfig.ts","1178",".ts","CANDIDATE_INCLUDE","Potential application source, configuration, or dependency file"
"src/types/IDataFeed.ts","438",".ts","CANDIDATE_INCLUDE","Potential application source, configuration, or dependency file"
"src/types/TradeState.ts","524",".ts","CANDIDATE_INCLUDE","Potential application source, configuration, or dependency file"
"src/utils/ChartTimeFormatter.ts","653",".ts","CANDIDATE_INCLUDE","Potential application source, configuration, or dependency file"
"src/utils/helpers.ts","132",".ts","CANDIDATE_INCLUDE","Potential application source, configuration, or dependency file"
"src/utils/TimeNormalizer.ts","1043",".ts","CANDIDATE_INCLUDE","Potential application source, configuration, or dependency file"
"src/visuals/AJVisualAdapter.ts","1940",".ts","CANDIDATE_INCLUDE","Potential application source, configuration, or dependency file"
"src/visuals/ChartOverlayManager.ts","728",".ts","CANDIDATE_INCLUDE","Potential application source, configuration, or dependency file"
"src/visuals/DrawingEngine.ts","976",".ts","CANDIDATE_INCLUDE","Potential application source, configuration, or dependency file"
"src/visuals/exitVisuals.ts","327",".ts","CANDIDATE_INCLUDE","Potential application source, configuration, or dependency file"
"src/visuals/OverlayTypes.ts","390",".ts","CANDIDATE_INCLUDE","Potential application source, configuration, or dependency file"
"src/visuals/ZoneRegistry.ts","524",".ts","CANDIDATE_INCLUDE","Potential application source, configuration, or dependency file"
"src/websocket/MarketSocket.ts","436",".ts","CANDIDATE_INCLUDE","Potential application source, configuration, or dependency file"
"src/zones/riskRewardTool.ts","621",".ts","CANDIDATE_INCLUDE","Potential application source, configuration, or dependency file"
"src/zones/zoneEngine.ts","735",".ts","CANDIDATE_INCLUDE","Potential application source, configuration, or dependency file"
