"Variable","ReferencedIn"
"AJ_API_BASE","scripts/aj-e2e-test.ts"
"AJ_DEBUG","scripts/aj-e2e-test.ts"
"AJ_HISTORY_URL","scripts/aj-e2e-test.ts"
"AJ_HISTORY_URL","scripts/Telegramfix/Fix-E2EHistoryUrl.ps1"
"ALICEBLUE_API_SECRET","server/aliceblue/token.js"
"ALICEBLUE_APP_CODE","server/aliceblue/token.js"
"ALICEBLUE_APPCODE","server/aliceblue/token.js"
"ALICEBLUE_APPID","server/aliceblue/token.js"
"ALICEBLUE_DEBUG","server/aliceblue/history.js"
"ALICEBLUE_REDIRECT_URI","server/aliceblue/token.js"
"ALICEBLUE_REMOVE_LEGACY","scripts/Telegramfix/Migration-Alicebluestorage.ps1"
"ALICEBLUE_RETENTION_DAYS","scripts/Telegramfix/Migration-Alicebluestorage.ps1"
"ALICEBLUE_SECRET","server/aliceblue/token.js"
"ALICEBLUE_SYMBOL_REFRESH_MS","server/aliceblue/symbolMaster.js"
"ALICEBLUE_USER_ID","server/aliceblue/token.js"
"DELTA_API_BASE","server/deltaexchange/check-login.ts"
"DELTA_API_BASE","server/deltaexchange/DeltaExchangeAuth.ts"
"DELTA_API_BASE","server/deltaexchange/DeltaExchangeFeed.ts"
"DELTA_API_BASE","server/deltaexchange/DeltaProductMaster.ts"
"DELTA_API_BASE","server/deltaexchange/diagnose-options.ts"
"DELTA_API_BASE","server/deltaexchange/optionsRoute.js"
"DELTA_API_BASE","server/deltaexchange/probe-candles.ts"
"DELTA_API_BASE","server/deltaexchange/probe-liquidity.ts"
"DELTA_API_BASE","server/index.js"
"DELTA_API_KEY","server/deltaexchange/check-login.ts"
"DELTA_API_KEY","server/deltaexchange/DeltaExchangeAuth.ts"
"DELTA_API_SECRET","server/deltaexchange/check-login.ts"
"DELTA_API_SECRET","server/deltaexchange/DeltaExchangeAuth.ts"
"DELTA_WS_URL","server/deltaexchange/DeltaExchangeFeed.ts"
"DEV","src/charts/ChartEngine.tsx"
"DEV","src/components/ChartWindow.tsx"
"FYERS_ACCESS_TOKEN","server/fyers/token.js"
"FYERS_APP_ID","server/fyers/token.js"
"FYERS_CANDLE_RETENTION_DAYS","scripts/Telegramfix/Migrate-FyersStorage.ps1"
"FYERS_CANDLE_RETENTION_DAYS","server/fyers/data/FyersCandleDatabase.js"
"FYERS_CLIENT_ID","server/fyers/token.js"
"FYERS_EQUITY_REFRESH_MS","scripts/Telegramfix/Migrate-FyersStorage.ps1"
"FYERS_EQUITY_REFRESH_MS","server/fyers/equityMaster.js"
"FYERS_PIN","server/fyers/login.js"
"FYERS_REDIRECT_URI","server/fyers/token.js"
"FYERS_SECRET_ID","server/fyers/token.js"
"FYERS_SECRET_KEY","server/fyers/token.js"
"FYERS_SYMBOL_REFRESH_MS","scripts/Telegramfix/Migrate-FyersStorage.ps1"
"FYERS_SYMBOL_REFRESH_MS","server/fyers/symbolMaster.js"
"FYERS_USER_PIN","server/fyers/login.js"
"INDSTOCKS_CANDLE_RETENTION_DAYS","scripts/Telegramfix/Migrate-IndstocksStorage.ps1"
"INDSTOCKS_CANDLE_RETENTION_DAYS","server/indstocks/data/IndstocksCandleDatabase.js"
"INDSTOCKS_CLIENT_ID","server/indstocks/token.js"
"INDSTOCKS_MPIN","server/indstocks/token.js"
"INDSTOCKS_SYMBOL_REFRESH_MS","server/indstocks/symbolMaster.js"
"INDSTOCKS_TOTP_SECRET","server/indstocks/token.js"
"npm_execpath","start-server.js"
"PORT","server/index.js"
"TELEGRAM_BOT_TOKEN","server/telegram/telegramRoute.js"
"TELEGRAM_BOT_TOKEN","src/services/telegramRoute.js"
"TELEGRAM_CHAT_ID","server/telegram/telegramRoute.js"
"TELEGRAM_CHAT_ID","src/services/telegramRoute.js"
"ZERODHA_API_KEY","server/zerodha/history.js"
"ZERODHA_API_KEY","server/zerodha/login.js"
"ZERODHA_API_SECRET","server/zerodha/login.js"
"ZERODHA_CALLBACK_URL","server/zerodha/login.js"
"ZERODHA_CANDLE_RETENTION_DAYS","server/zerodha/data/ZerodhaCandleDatabase.js"
